dinoID,dinoName,length,diet,period
DINO_01,Aardonyx,0.8,Carnivorous,Jurassic
DINO_02,Abelisaurus,9,Carnivorous,Cretaceous
DINO_03,Achelousaurus,6,Herbivorous,Cretaceous
DINO_04,Achillobator,5,Carnivorous,Cretaceous
DINO_05,Acrocanthosaurus,12,Carnivorous,Cretaceous
DINO_06,Aegyptosaurus,15,Herbivorous,Cretaceous
DINO_07,Afrovenator,9,Carnivorous,Cretaceous
DINO_08,Agilisaurus,1.5,Herbivorous,Jurassic
DINO_09,Alamosaurus,21,Herbivorous,Cretaceous
DINO_10,Albertaceratops,7,Herbivorous,Cretaceous
DINO_100,Erketu,15,Herbivorous,Cretaceous
DINO_101,Erlikosaurus,3.4,Omnivorous,Cretaceous
DINO_102,Euhelopus,10,Herbivorous,Jurassic
DINO_103,Euoplocephalus,7,Herbivorous,Cretaceous
DINO_104,Europasaurus,6.2,Herbivorous,Jurassic
DINO_105,Eustreptospondylus,7,Carnivorous,Jurassic
DINO_106,Fukuiraptor,4.2,Carnivorous,Cretaceous
DINO_107,Fukuisaurus,4.7,Herbivorous,Cretaceous
DINO_108,Gallimimus,6,Omnivorous,Cretaceous
DINO_109,Gargoyleosaurus,4,Herbivorous,Jurassic
DINO_11,Albertosaurus,9,Carnivorous,Cretaceous
DINO_110,Garudimimus,4.7,Omnivorous,Cretaceous
DINO_111,Gasosaurus,4,Carnivorous,Jurassic
DINO_112,Gasparinisaura,0.8,Herbivorous,Cretaceous
DINO_113,Gastonia,4.6,Herbivorous,Cretaceous
DINO_114,Giganotosaurus,12.5,Carnivorous,Cretaceous
DINO_115,Gilmoreosaurus,6,Herbivorous,Cretaceous
DINO_116,Giraffatitan,23,Herbivorous,Jurassic
DINO_117,Gobisaurus,5,Herbivorous,Cretaceous
DINO_118,Gorgosaurus,8.6,Carnivorous,Cretaceous
DINO_119,Goyocephale,2,Herbivorous,Cretaceous
DINO_12,Alectrosaurus,5,Carnivorous,Cretaceous
DINO_120,Graciliceratops,2,Herbivorous,Cretaceous
DINO_121,Gryposaurus,10,Herbivorous,Cretaceous
DINO_122,Guaibasaurus,1.8,Herbivorous,Triassic
DINO_123,Guanlong,3,Carnivorous,Jurassic
DINO_124,Hadrosaurus,9,Herbivorous,Cretaceous
DINO_125,Hagryphus,3,Omnivorous,Cretaceous
DINO_126,Haplocanthosaurus,21.5,Herbivorous,Jurassic
DINO_127,Harpymimus,2,Omnivorous,Cretaceous
DINO_128,Herrerasaurus,3,Carnivorous,Triassic
DINO_129,Hesperosaurus,6,Herbivorous,Jurassic
DINO_13,Alioramus,6,Carnivorous,Cretaceous
DINO_130,Heterodontosaurus,1.2,Herbivorous,Jurassic
DINO_131,Heyuannia,2,Omnivorous,Cretaceous
DINO_132,Homalocephale,1.5,Herbivorous,Cretaceous
DINO_133,Huayangosaurus,4.5,Herbivorous,Jurassic
DINO_134,Hylaeosaurus,5,Herbivorous,Cretaceous
DINO_135,Hypacrosaurus,9,Herbivorous,Cretaceous
DINO_136,Hypsilophodon,2.3,Herbivorous,Cretaceous
DINO_137,Iguanodon,10,Herbivorous,Cretaceous
DINO_138,Indosuchus,7,Carnivorous,Cretaceous
DINO_139,Irritator,6.5,Carnivorous,Cretaceous
DINO_14,Allosaurus,12,Carnivorous,Jurassic
DINO_140,Isisaurus,18,Herbivorous,Cretaceous
DINO_141,Janenschia,20,Herbivorous,Jurassic
DINO_142,Jaxartosaurus,9,Herbivorous,Cretaceous
DINO_143,Jingshanosaurus,5,Herbivorous,Jurassic
DINO_144,Jinzhousaurus,7,Herbivorous,Cretaceous
DINO_145,Jobaria,21,Herbivorous,Cretaceous
DINO_146,Juravenator,0.8,Carnivorous,Jurassic
DINO_147,Kentrosaurus,5,Herbivorous,Jurassic
DINO_148,Khaan,1.8,Omnivorous,Cretaceous
DINO_149,Kotasaurus,9,Herbivorous,Jurassic
DINO_15,Alvarezsaurus,2,Carnivorous,Cretaceous
DINO_150,Kritosaurus,8,Herbivorous,Cretaceous
DINO_151,Lambeosaurus,9,Herbivorous,Cretaceous
DINO_152,Lapparentosaurus,15,Herbivorous,Jurassic
DINO_153,Leaellynasaura,2,Herbivorous,Cretaceous
DINO_154,Leptoceratops,3,Herbivorous,Cretaceous
DINO_155,Lesothosaurus,1,Herbivorous,Jurassic
DINO_156,Liaoceratops,0.5,Herbivorous,Cretaceous
DINO_157,Ligabuesaurus,24,Herbivorous,Cretaceous
DINO_158,Liliensternus,5,Carnivorous,Triassic
DINO_159,Lophorhothon,4.5,Herbivorous,Cretaceous
DINO_16,Amargasaurus,12,Herbivorous,Cretaceous
DINO_160,Lophostropheus,6.2,Carnivorous,Jurassic
DINO_161,Lufengosaurus,6,Herbivorous,Jurassic
DINO_162,Lurdusaurus,9,Herbivorous,Cretaceous
DINO_163,Lycorhinus,1.2,Herbivorous,Triassic
DINO_164,Magyarosaurus,5,Herbivorous,Cretaceous
DINO_165,Maiasaura,9,Herbivorous,Cretaceous
DINO_166,Majungasaurus,6,Carnivorous,Cretaceous
DINO_167,Malawisaurus,9,Herbivorous,Cretaceous
DINO_168,Mamenchisaurus,22,Herbivorous,Jurassic
DINO_169,Mapusaurus,13,Carnivorous,Cretaceous
DINO_17,Ammosaurus,5,Herbivorous,Jurassic
DINO_170,Marshosaurus,6,Carnivorous,Jurassic
DINO_171,Masiakasaurus,2,Carnivorous,Cretaceous
DINO_172,Massospondylus,4,Omnivorous,Jurassic
DINO_173,Maxakalisaurus,13,Herbivorous,Cretaceous
DINO_174,Megalosaurus,9,Carnivorous,Jurassic
DINO_175,Melanorosaurus,12,Omnivorous,Triassic
DINO_176,Metriacanthosaurus,8.2,Carnivorous,Jurassic
DINO_177,Microceratus,0.5,Herbivorous,Cretaceous
DINO_178,Micropachycephalosaurus,0.6,Herbivorous,Cretaceous
DINO_179,Microraptor,0.8,Carnivorous,Cretaceous
DINO_18,Ampelosaurus,15,Herbivorous,Cretaceous
DINO_180,Minmi,3,Herbivorous,Cretaceous
DINO_181,Monolophosaurus,5.7,Carnivorous,Jurassic
DINO_182,Mononykus,1,Unknown,Cretaceous
DINO_183,Mussaurus,3,Herbivorous,Triassic
DINO_184,Muttaburrasaurus,7,Herbivorous,Cretaceous
DINO_185,Nanshiungosaurus,4.4,Omnivorous,Cretaceous
DINO_186,Nedoceratops,7,Herbivorous,Cretaceous
DINO_187,Nemegtosaurus,13,Herbivorous,Cretaceous
DINO_188,Neovenator,7.4,Carnivorous,Cretaceous
DINO_189,Neuquenosaurus,10,Herbivorous,Cretaceous
DINO_19,Amygdalodon,15,Herbivorous,Jurassic
DINO_190,Nigersaurus,15,Herbivorous,Cretaceous
DINO_191,Nipponosaurus,4,Herbivorous,Cretaceous
DINO_192,Noasaurus,1,Carnivorous,Cretaceous
DINO_193,Nodosaurus,5,Herbivorous,Cretaceous
DINO_194,Nomingia,1.6,Omnivorous,Cretaceous
DINO_195,Nothronychus,5.3,Omnivorous,Cretaceous
DINO_196,Nqwebasaurus,1,Carnivorous,Jurassic
DINO_197,Omeisaurus,20,Herbivorous,Jurassic
DINO_198,Opisthocoelicaudia,12,Herbivorous,Cretaceous
DINO_199,Ornitholestes,2,Carnivorous,Jurassic
DINO_20,Anchiceratops,6,Herbivorous,Cretaceous
DINO_200,Ornithomimus,4,Omnivorous,Cretaceous
DINO_201,Orodromeus,2,Herbivorous,Cretaceous
DINO_202,Oryctodromeus,2.1,Herbivorous,Cretaceous
DINO_203,Othnielia,1.4,Herbivorous,Jurassic
DINO_204,Ouranosaurus,7,Herbivorous,Cretaceous
DINO_205,Oviraptor,2,Omnivorous,Cretaceous
DINO_206,Pachycephalosaurus,8,Herbivorous,Cretaceous
DINO_207,Pachyrhinosaurus,6,Herbivorous,Cretaceous
DINO_208,Panoplosaurus,7,Herbivorous,Cretaceous
DINO_209,Pantydraco,3,Herbivorous,Jurassic
DINO_21,Anchisaurus,2,Herbivorous,Jurassic
DINO_210,Paralititan,28,Herbivorous,Cretaceous
DINO_211,Parasaurolophus,11,Herbivorous,Cretaceous
DINO_212,Parksosaurus,3,Herbivorous,Cretaceous
DINO_213,Patagosaurus,18,Herbivorous,Jurassic
DINO_214,Pelicanimimus,2,Carnivorous,Cretaceous
DINO_215,Pelorosaurus,25,Herbivorous,Cretaceous
DINO_216,Pentaceratops,6.8,Herbivorous,Cretaceous
DINO_217,Piatnitzkysaurus,4.2,Carnivorous,Jurassic
DINO_218,Pinacosaurus,5,Herbivorous,Cretaceous
DINO_219,Plateosaurus,7,Herbivorous,Triassic
DINO_22,Ankylosaurus,7,Herbivorous,Cretaceous
DINO_220,Podokesaurus,0.9,Carnivorous,Jurassic
DINO_221,Poekilopleuron,9,Carnivorous,Jurassic
DINO_222,Polacanthus,5,Herbivorous,Cretaceous
DINO_223,Prenocephale,2.4,Herbivorous,Cretaceous
DINO_224,Probactrosaurus,6,Herbivorous,Cretaceous
DINO_225,Proceratosaurus,4.1,Carnivorous,Jurassic
DINO_226,Procompsognathus,1,Carnivorous,Triassic
DINO_227,Prosaurolophus,7.6,Herbivorous,Cretaceous
DINO_228,Protarchaeopteryx,2,Carnivorous,Cretaceous
DINO_229,Protoceratops,1.8,Herbivorous,Cretaceous
DINO_23,Anserimimus,3.5,Carnivorous,Cretaceous
DINO_230,Protohadros,6,Herbivorous,Cretaceous
DINO_231,Psittacosaurus,2,Herbivorous,Cretaceous
DINO_232,Quaesitosaurus,23,Herbivorous,Cretaceous
DINO_233,Rebbachisaurus,20,Herbivorous,Cretaceous
DINO_234,Rhabdodon,4,Herbivorous,Cretaceous
DINO_235,Rhoetosaurus,15,Herbivorous,Jurassic
DINO_236,Rinchenia,2.5,Omnivorous,Cretaceous
DINO_237,Riojasaurus,5.2,Herbivorous,Triassic
DINO_238,Rugops,7,Carnivorous,Cretaceous
DINO_239,Saichania,6.6,Herbivorous,Cretaceous
DINO_24,Antarctosaurus,18,Herbivorous,Cretaceous
DINO_240,Saltasaurus,12,Herbivorous,Cretaceous
DINO_241,Saltopus,1,Carnivorous,Triassic
DINO_242,Sarcosaurus,3,Carnivorous,Jurassic
DINO_243,Saurolophus,9,Herbivorous,Cretaceous
DINO_244,Sauropelta,6.5,Herbivorous,Cretaceous
DINO_245,Saurophaganax,12,Carnivorous,Jurassic
DINO_246,Saurornithoides,3,Carnivorous,Cretaceous
DINO_247,Scelidosaurus,4,Herbivorous,Jurassic
DINO_248,Scutellosaurus,1.2,Herbivorous,Jurassic
DINO_249,Secernosaurus,3,Herbivorous,Cretaceous
DINO_25,Apatosaurus,21,Herbivorous,Jurassic
DINO_250,Segisaurus,1.5,Carnivorous,Jurassic
DINO_251,Segnosaurus,4,Carnivorous,Cretaceous
DINO_252,Shamosaurus,5,Herbivorous,Cretaceous
DINO_253,Shanag,0.5,Carnivorous,Cretaceous
DINO_254,Shantungosaurus,15,Herbivorous,Cretaceous
DINO_255,Shunosaurus,10,Herbivorous,Jurassic
DINO_256,Shuvuuia,0.6,Omnivorous,Cretaceous
DINO_257,Silvisaurus,4,Herbivorous,Cretaceous
DINO_258,Sinocalliopteryx,2.4,Carnivorous,Cretaceous
DINO_259,Sinornithosaurus,2,Carnivorous,Cretaceous
DINO_26,Aragosaurus,18,Herbivorous,Cretaceous
DINO_260,Sinosauropteryx,1,Carnivorous,Cretaceous
DINO_261,Sinovenator,1,Carnivorous,Cretaceous
DINO_262,Sinraptor,7.6,Carnivorous,Jurassic
DINO_263,Sonidosaurus,9,Herbivorous,Cretaceous
DINO_264,Spinosaurus,18,Carnivorous,Cretaceous
DINO_265,Staurikosaurus,2,Carnivorous,Triassic
DINO_266,Stegoceras,2.4,Herbivorous,Cretaceous
DINO_267,Stegosaurus,9,Herbivorous,Jurassic
DINO_268,Stenopelix,1.5,Herbivorous,Cretaceous
DINO_269,Struthiomimus,4,Omnivorous,Cretaceous
DINO_27,Aralosaurus,8,Herbivorous,Cretaceous
DINO_270,Struthiosaurus,2.5,Herbivorous,Cretaceous
DINO_271,Styracosaurus,5.5,Herbivorous,Cretaceous
DINO_272,Suchomimus,11,Carnivorous,Cretaceous
DINO_273,Supersaurus,35,Herbivorous,Cretaceous
DINO_274,Talarurus,6,Herbivorous,Cretaceous
DINO_275,Tanius,7,Herbivorous,Cretaceous
DINO_276,Tarbosaurus,10,Carnivorous,Cretaceous
DINO_277,Tarchia,8.5,Herbivorous,Cretaceous
DINO_278,Telmatosaurus,5,Herbivorous,Cretaceous
DINO_279,Tenontosaurus,7,Herbivorous,Cretaceous
DINO_28,Archaeoceratops,1.3,Herbivorous,Cretaceous
DINO_280,Thecodontosaurus,2.5,Omnivorous,Triassic
DINO_281,Therizinosaurus,12,Unknown,Cretaceous
DINO_282,Thescelosaurus,3.5,Herbivorous,Cretaceous
DINO_283,Torosaurus,7.5,Herbivorous,Cretaceous
DINO_284,Torvosaurus,10,Carnivorous,Jurassic
DINO_285,Triceratops,9,Herbivorous,Cretaceous
DINO_286,Troodon,2,Carnivorous,Cretaceous
DINO_287,Tsagantegia,7,Herbivorous,Cretaceous
DINO_288,Tsintaosaurus,12,Herbivorous,Cretaceous
DINO_289,Tuojiangosaurus,7,Herbivorous,Jurassic
DINO_29,Archaeopteryx,0.5,Carnivorous,Jurassic
DINO_290,Tylocephale,1.4,Herbivorous,Cretaceous
DINO_291,Tyrannosaurus,12,Carnivorous,Cretaceous
DINO_292,Udanoceratops,4,Herbivorous,Cretaceous
DINO_293,Unenlagia,2.4,Carnivorous,Cretaceous
DINO_294,Urbacodon,1,Carnivorous,Cretaceous
DINO_295,Utahraptor,6,Carnivorous,Cretaceous
DINO_296,Valdosaurus,3,Herbivorous,Cretaceous
DINO_297,Velociraptor,1.8,Carnivorous,Cretaceous
DINO_298,Vulcanodon,6.5,Herbivorous,Jurassic
DINO_299,Yandusaurus,3,Herbivorous,Jurassic
DINO_30,Archaeornithomimus,3.5,Carnivorous,Cretaceous
DINO_300,Yangchuanosaurus,10,Carnivorous,Jurassic
DINO_301,Yimenosaurus,9,Herbivorous,Jurassic
DINO_302,Yingshanosaurus,4,Herbivorous,Jurassic
DINO_303,Yinlong,1.2,Herbivorous,Jurassic
DINO_304,Yuanmousaurus,17,Herbivorous,Jurassic
DINO_305,Yunnanosaurus,7,Omnivorous,Jurassic
DINO_306,Zalmoxes,3,Herbivorous,Cretaceous
DINO_307,Zephyrosaurus,1.8,Herbivorous,Cretaceous
DINO_308,Zuniceratops,3.5,Herbivorous,Cretaceous
DINO_31,Argentinosaurus,35,Herbivorous,Cretaceous
DINO_32,Arrhinoceratops,6,Herbivorous,Cretaceous
DINO_33,Atlascopcosaurus,3,Herbivorous,Cretaceous
DINO_34,Aucasaurus,5,Carnivorous,Cretaceous
DINO_35,Austrosaurus,15,Herbivorous,Cretaceous
DINO_36,Avaceratops,2.3,Herbivorous,Cretaceous
DINO_37,Avimimus,1.5,Omnivorous,Cretaceous
DINO_38,Bactrosaurus,6,Herbivorous,Cretaceous
DINO_39,Bagaceratops,1,Herbivorous,Cretaceous
DINO_40,Bambiraptor,1,Carnivorous,Cretaceous
DINO_41,Barapasaurus,14,Herbivorous,Jurassic
DINO_42,Barosaurus,24,Herbivorous,Jurassic
DINO_43,Baryonyx,10,Carnivorous,Cretaceous
DINO_44,Becklespinax,5,Carnivorous,Cretaceous
DINO_45,Beipiaosaurus,2,Omnivorous,Cretaceous
DINO_46,Bellusaurus,5,Herbivorous,Jurassic
DINO_47,Borogovia,1.5,Carnivorous,Cretaceous
DINO_48,Brachiosaurus,30,Herbivorous,Jurassic
DINO_49,Brachylophosaurus,7,Herbivorous,Cretaceous
DINO_50,Brachytrachelopan,10,Herbivorous,Jurassic
DINO_51,Buitreraptor,1.3,Carnivorous,Cretaceous
DINO_52,Camarasaurus,23,Herbivorous,Jurassic
DINO_53,Camptosaurus,5,Herbivorous,Jurassic
DINO_54,Carcharodontosaurus,15,Carnivorous,Cretaceous
DINO_55,Carnotaurus,7.6,Carnivorous,Cretaceous
DINO_56,Caudipteryx,1,Omnivorous,Cretaceous
DINO_57,Cedarpelta,10,Herbivorous,Cretaceous
DINO_58,Ceratosaurus,6,Carnivorous,Jurassic
DINO_59,Cetiosauriscus,15,Herbivorous,Jurassic
DINO_60,Cetiosaurus,18,Herbivorous,Jurassic
DINO_61,Chaoyangsaurus,1.1,Herbivorous,Jurassic
DINO_62,Chasmosaurus,5,Herbivorous,Cretaceous
DINO_63,Chindesaurus,4,Carnivorous,Triassic
DINO_64,Chinshakiangosaurus,11,Herbivorous,Jurassic
DINO_65,Chirostenotes,1.7,Omnivorous,Jurassic
DINO_66,Chubutisaurus,23,Herbivorous,Cretaceous
DINO_67,Chungkingosaurus,4,Herbivorous,Jurassic
DINO_68,Citipati,2.1,Omnivorous,Cretaceous
DINO_69,Coelophysis,2,Carnivorous,Triassic
DINO_70,Coelurus,1.8,Carnivorous,Jurassic
DINO_71,Coloradisaurus,4,Omnivorous,Triassic
DINO_72,Compsognathus,0.7,Carnivorous,Jurassic
DINO_73,Conchoraptor,1.5,Carnivorous,Cretaceous
DINO_74,Confuciusornis,0.3,Carnivorous,Cretaceous
DINO_75,Corythosaurus,10,Herbivorous,Cretaceous
DINO_76,Cryolophosaurus,8,Carnivorous,Jurassic
DINO_77,Dacentrurus,6,Herbivorous,Jurassic
DINO_78,Daspletosaurus,9,Carnivorous,Cretaceous
DINO_79,Datousaurus,15,Herbivorous,Jurassic
DINO_80,Deinocheirus,10,Omnivorous,Cretaceous
DINO_81,Deinonychus,3,Carnivorous,Cretaceous
DINO_82,Deltadromeus,8.1,Carnivorous,Cretaceous
DINO_83,Dicraeosaurus,20,Herbivorous,Jurassic
DINO_84,Dilophosaurus,6,Carnivorous,Jurassic
DINO_85,Diplodocus,26,Herbivorous,Jurassic
DINO_86,Dromaeosaurus,1.8,Carnivorous,Cretaceous
DINO_87,Dromiceiomimus,3.5,Omnivorous,Cretaceous
DINO_88,Dryosaurus,4,Herbivorous,Jurassic
DINO_89,Dryptosaurus,6.4,Carnivorous,Cretaceous
DINO_90,Dubreuillosaurus,5,Carnivorous,Jurassic
DINO_91,Edmontonia,4,Herbivorous,Cretaceous
DINO_92,Edmontosaurus,13,Herbivorous,Cretaceous
DINO_93,Einiosaurus,6,Herbivorous,Cretaceous
DINO_94,Elaphrosaurus,6.2,Carnivorous,Jurassic
DINO_95,Emausaurus,2,Herbivorous,Jurassic
DINO_96,Eolambia,6,Herbivorous,Cretaceous
DINO_97,Eoraptor,1,Carnivorous,Triassic
DINO_98,Eotyrannus,5,Carnivorous,Cretaceous
DINO_99,Equijubus,7,Herbivorous,Cretaceous
