fossilID,countryFound,year,person,dinoID
1001,South africa,2009,Yates Bonnan Neveling Chinsamy and Blackbeard,DINO_285
1002,Argentina,1985,Bonaparte and Novas,DINO_170
1003,USA,1995,Sampson,DINO_99
1004,Mongolia,1999,Perle Norell and Clark,DINO_188
1005,USA,1950,Stovall and Langston,DINO_297
1006,Egypt,1932,Stromer,DINO_47
1007,Niger,1944,Sereno Wilson Larsson Dutheil and Sues,DINO_75
1008,China,1990,Peng,DINO_76
1009,USA,1922,Gilmore,DINO_301
1010,USA,2007,Ryan,DINO_19
1011,Canada,1914,Lamb,DINO_140
1012,Mongolia,1933,Gilmore,DINO_74
1013,Mongolia,1976,Kurzanov,DINO_207
1014,USA,1877,Marsh,DINO_121
1015,Argentina,1991,Bonaparte,DINO_31
1016,Argentina,1991,Salgado and Bonaparte,DINO_181
1017,USA,1891,Marsh,DINO_19
1018,France,1995,Le Loeuff,DINO_72
1019,Argentina,1947,Cabrera,DINO_216
1020,Canada,1914,Brown,DINO_106
1021,USA,1885,Marsh,DINO_261
1022,USA,1908,Brown,DINO_142
1023,Mongolia,1988,Barsbold,DINO_265
1024,Uruguay,1929,Von Huene,DINO_30
1025,USA,1877,Marsh,DINO_289
1026,Spain,1987,Sanz Buscalioni Casanovas and Sanafa,DINO_41
1027,Kazakhstan,1968,Rozhdestvensky,DINO_228
1028,China,1987,Dong and Azuma,DINO_230
1029,Germany,1861,Mayer,DINO_207
1030,Uzbekistan,1972,Russell,DINO_87
1031,Argentina,1993,Bonaparte and Coria,DINO_117
1032,Canada,1925,Parks,DINO_305
1033,Australia,1989,Rich and Rich,DINO_147
1034,Argentina,2002,Coria Chiappe and Dingus,DINO_236
1035,Australia,1933,Longman,DINO_10
1036,USA,1986,Dodson,DINO_69
1037,Mongolia,1981,Kurzanov,DINO_296
1038,China,1933,Gilmore,DINO_274
1039,Mongolia,1975,Maryanska and Osmolska,DINO_54
1040,USA,2000,Burnham Derstler Currie Bakker Zhou and Ostrom,DINO_102
1041,India,1975,Jain Kutty Roy-Chowdhury and Chatterjee,DINO_219
1042,USA,1890,Marsh,DINO_198
1043,United kingdom,1987,Charig and Milner,DINO_130
1044,United kingdom,1988,Paul,DINO_200
1045,China,1999,Xu Tang and Wang,DINO_191
1046,China,1990,Dong and Azuma,DINO_201
1047,Mongolia,1987,Osmalska,DINO_162
1048,USA,1903,Riggs,DINO_287
1049,USA,1953,C. M. Sternberg,DINO_36
1050,Argentina,2005,Rauhut Remes Fechner Cladera and Puerta,DINO_209
1051,Argentina,2005,Makovicky Apestegui  Agnolin,DINO_07
1052,USA,1877,Cope,DINO_92
1053,USA,1885,Marsh,DINO_138
1054,North africa,1931,Stromer,DINO_185
1055,Argentina,1985,Bonaparte,DINO_180
1056,China,1998,Ji Currie Norell and Ji.,DINO_54
1057,USA,2001,Carpenter Kirkland Burge and Bird,DINO_192
1058,USA,1884,Marsh,DINO_256
1059,United kingdom,1927,Von Huene,DINO_190
1060,United kingdom,1871,Phillips,DINO_50
1061,China,1999,Zhao Cheng and Xu,DINO_259
1062,Canada,1914,Lawrence Lamb,DINO_160
1063,USA,1995,Long and Murry,DINO_94
1064,China,1975,Yeh,DINO_237
1065,Canada,1924,Gilmore,DINO_172
1066,Argentina,1974,Corro,DINO_144
1067,China,1983,Dong Zhou and Zhang,DINO_189
1068,Mongolia,2001,Clark Norell and Barsbold,DINO_296
1069,Zimbabwe,1989,Edward Drinker Cope,DINO_34
1070,USA,1879,Marsh,DINO_158
1071,Argentina,1978,Bonaparte,DINO_258
1072,Germany,1859,Wagner,DINO_153
1073,Mongolia,1986,Barsbold,DINO_254
1074,China,1995,Hou Zhou Gu and Zhang,DINO_96
1075,USA,1914,Brown,DINO_130
1076,Antarctica,1994,Hammer and Hickerson,DINO_172
1077,United kingdom,1902,Lucas,DINO_240
1078,Canada,1970,Russell,DINO_30
1079,China,1984,Dong and Tang,DINO_216
1080,Mongolia,1970,Osmalska and Roniewicz,DINO_180
1081,USA,1969,Ostrom,DINO_250
1082,Morocco,1996,Sereno Duthiel Iarochene Larsson Lyon Magwene Sidor Varricchio and Wilson,DINO_290
1083,Tanzania,1914,Janensch,DINO_124
1084,USA,1942,Samuel Welles,DINO_72
1085,USA,1878,Marsh,DINO_242
1086,USA,1922,Matthew and Brown,DINO_212
1087,Canada,1926,Parks,DINO_52
1088,USA,1894,Marsh,DINO_20
1089,USA,1866,Cope,DINO_214
1090,France,2005,Allain,DINO_124
1091,Canada,1928,Sternberg,DINO_137
1092,Canada,1917,Lambe,DINO_76
1093,USA,1995,Sampson,DINO_191
1094,Tanzania,1920,Janensch,DINO_83
1095,Germany,1991,Haubold,DINO_102
1096,USA,1998,Kirkland,DINO_02
1097,Argentina,1993,Sereno Forster Rogers and Monetta,DINO_255
1098,United kingdom,2001,Hutt Naish Martill Barker and Newberry,DINO_308
1099,China,2003,You Luo Shubin Witmer Tang and Tang,DINO_118
1100,Mongolia,2006,Ksepka and Norell,DINO_288
1101,Mongolia,1980,Perle Vide Barsbold and Perle,DINO_127
1102,China,1929,Wiman,DINO_125
1103,USA,1964,Oscar Kuhn,DINO_144
1104,Germany,2006,Sander Mateus Laven and Knatschke,DINO_240
1105,United kingdom,1964,Walker,DINO_136
1106,Japan,2000,Azuma and Currie,DINO_295
1107,Japan,2003,Kobayashi and Azuma,DINO_79
1108,Mongolia,1972,Osmalska Roniewicz and Barsbold,DINO_270
1109,USA,1998,Carpenter Miles and Cloward,DINO_101
1110,Mongolia,1981,Barsbold,DINO_90
1111,China,1985,Dong and Tang,DINO_29
1112,Argentina,1996,Coria and Salgado,DINO_291
1113,USA,1998,Kirkland,DINO_127
1114,Argentina,1995,Coria and Salgado,DINO_101
1115,China,1979,Brett-Surman,DINO_68
1116,Tanzania,1914,Janensch,DINO_294
1117,China,2001,Vickaryous Russell Currie and Zhao,DINO_308
1118,USA,1914,Lamb,DINO_169
1119,Mongolia,1982,Perle Maryaska and Osmalska,DINO_186
1120,Mongolia,2000,Sereno,DINO_178
1121,USA,1914,Lambe,DINO_246
1122,Brazil,1999,Bonaparte Ferigolo and Ribeiro,DINO_48
1123,China,2006,Xu Clark Forster Norell Erickson Eberth Jia and Zhao,DINO_15
1124,USA,1858,Leidy,DINO_96
1125,USA,2005,Zanno and Sampson,DINO_69
1126,USA,1903,Hatcher,DINO_264
1127,Mongolia,1984,Barsbold and Perle,DINO_149
1128,Argentina,1963,Reig,DINO_206
1129,USA,2001,Carpenter Miles and Cloward,DINO_295
1130,South africa,1962,Crompton and Charig,DINO_152
1131,Mongolia,1981,Barsbold,DINO_157
1132,Mongolia,1974,Maryaka and Osmalska,DINO_270
1133,China,1982,Dong Tang and Zhou,DINO_04
1134,United kingdom,1833,Mantell,DINO_99
1135,USA,1913,Brown,DINO_140
1136,United kingdom,1869,Huxley,DINO_265
1137,United kingdom,1881,Boulenger and Van Beneden,DINO_300
1138,India,1933,Huene and Matley,DINO_287
1139,Brazil,1996,Martill Cruickshank Frey Small and Clarke,DINO_100
1140,India,1997,Jain and Bandyopadhyay,DINO_281
1141,Tanzania,1991,Wild,DINO_209
1142,Kazakhstan,1939,Riabinin,DINO_216
1143,China,1995,Zhang and Yang,DINO_220
1144,China,2001,Wang and Xu,DINO_244
1145,Niger,1999,Sereno Beck Dutheil Larsson Lyon Moussa Sadleir Sidor Varricchio Wilson and Wilson,DINO_283
1146,Germany,2006,Ursula Gohlich and Luis Chiappe,DINO_262
1147,Tanzania,1915,Hennig,DINO_246
1148,Mongolia,2001,Clark Norell and Barsbold,DINO_62
1149,India,1988,Yadagiri,DINO_232
1150,USA,1910,Brown,DINO_180
1151,Canada,1923,Parks,DINO_297
1152,Madagascar,1986,Bonaparte,DINO_183
1153,Australia,1989,Rich and Rich,DINO_09
1154,USA,1914,Brown,DINO_35
1155,Lesotho,1978,Galton,DINO_75
1156,China,2002,Xu Makovicky Wang Norell and You,DINO_222
1157,Argentina,2006,Bonaparte Gonza�Lez Riga and Apestegua,DINO_290
1158,Germany,1934,Huene,DINO_128
1159,USA,1960,Xu Makovicky Wang Norell and You,DINO_138
1160,France,1993,Ezcurra and Cuny 2007,DINO_289
1161,China,1941,Young,DINO_16
1162,Niger,1999,Taquet  Russell,DINO_246
1163,South africa,1924,Haughton,DINO_154
1164,Romania,1915,Nopcsa,DINO_243
1165,USA,1979,Horner and Makela,DINO_201
1166,Madagascar,1979,Sues  Taquet,DINO_273
1167,Malawi,1928,Haughton,DINO_169
1168,China,1954,Young,DINO_114
1169,Argentina,2006,Coria and Currie,DINO_174
1170,USA,1976,Madsen,DINO_290
1171,Madagascar,2001,Sampson Carrano  Forster,DINO_95
1172,Zimbabwe,1854,Owen,DINO_78
1173,Brazil,2006,Kellner Et Al.,DINO_169
1174,United kingdom,1826,Ritgen,DINO_248
1175,South africa,1924,Haughton,DINO_241
1176,United kingdom,1964,Walker,DINO_225
1177,Mongolia,1953,Bohlin,DINO_48
1178,China,1978,Dong,DINO_76
1179,China,2000,Xu Zhou and Wang,DINO_73
1180,Australia,1980,Molnar,DINO_173
1181,China,1993,Zhao and Currie,DINO_108
1182,Mongolia,1993,Perle Norell Chiappe and Clark,DINO_69
1183,Argentina,1979,Bonaparte and Vince,DINO_260
1184,Australia,1981,Bartholomai and Molnar,DINO_43
1185,China,1979,Dong,DINO_115
1186,USA,1905,Lull,DINO_111
1187,Mongolia,1971,Nowinski,DINO_202
1188,United kingdom,1996,Hutt Martill and Barker,DINO_07
1189,Argentina,1893,Lydekker,DINO_224
1190,Tunisia,1999,Sereno Beck Dutheil Larsson Lyon Moussa Sadleir Sidor Varricchio Wilson &Amp  Wilson,DINO_258
1191,Russia,1936,Nagao,DINO_43
1192,Argentina,1980,Bonaparte and Powell,DINO_148
1193,USA,1889,Marsh,DINO_206
1194,Mongolia,2000,Barsbold Osmalska Watabe Currie and Tsogtbaatar,DINO_155
1195,USA,2001,Kirkland and Wolfe,DINO_10
1196,South africa,2000,De Klerk Forster Sampson Chinsamy and Ross,DINO_76
1197,China,1939,Young,DINO_255
1198,Mongolia,1977,Borsuk-Bialynicka,DINO_253
1199,USA,1933,Osbourne,DINO_111
1200,USA,1890,Marsh,DINO_273
1201,USA,1988,Horner and Weishampel,DINO_59
1202,USA,2007,Varricchio Marin and Katsura,DINO_246
1203,USA,1877,Marsh,DINO_223
1204,Niger,1976,Taquet,DINO_233
1205,Mongolia,1924,Osborn,DINO_55
1206,USA,1943,Brown and Schlaikjer,DINO_146
1207,Canada,1950,Sternberg,DINO_95
1208,USA,1919,Lambe,DINO_197
1209,Wales,2003,Galton Yates and Kermack,DINO_64
1210,Egypt,2001,Smith Lamanna Lacovara Dodson Smith Poole Giegengack and Attia,DINO_164
1211,USA,1922,Parks,DINO_53
1212,Canada,1937,Sternberg,DINO_212
1213,Argentina,1979,Bonaparte,DINO_244
1214,Spain,1994,Parez-Moreno Sanz Buscalioni Moratalla Ortega and Rasskin-Gutman,DINO_234
1215,United kingdom,1850,Mantell,DINO_239
1216,USA,1923,Osborn,DINO_200
1217,Argentina,1979,Bonaparte,DINO_96
1218,Mongolia,1933,Gilmore,DINO_276
1219,Switzerland,1837,Meyer,DINO_26
1220,USA,1911,Talbot,DINO_09
1221,France,1838,Eudes-Deslongchamps,DINO_42
1222,United kingdom,1881,Hulke,DINO_67
1223,Mongolia,1974,Maryaska and Osmlska,DINO_286
1224,China,1966,Rozhdestvensky,DINO_162
1225,United kingdom,1910,Woodward,DINO_89
1226,Germany,1913,Fraas,DINO_153
1227,USA,1916,Brown,DINO_119
1228,China,1997,Ji and Ji,DINO_77
1229,Mongolia,1923,Granger and Gregory,DINO_177
1230,USA,1998,Head,DINO_176
1231,Russia,1923,Osborn,DINO_58
1232,Mongolia,1983,Kurzanov and Bannikov,DINO_194
1233,Morocco,1954,Lavocat,DINO_218
1234,Spain,1869,Matherton,DINO_222
1235,Australia,1926,Longman,DINO_92
1236,Mongolia,1986,Barsbold,DINO_58
1237,Argentina,1969,Bonaparte,DINO_287
1238,Niger,2004,Sereno Wilson and Conrad,DINO_202
1239,Mongolia,1977,Maryaska,DINO_43
1240,Argentina,1980,Bonaparte and Powell,DINO_259
1241,United kingdom,1910,Huene,DINO_71
1242,United kingdom,1921,andrews,DINO_160
1243,Mongolia,1912,Brown,DINO_47
1244,USA,1970,Ostrom,DINO_279
1245,USA,1996,Chure,DINO_107
1246,Mongolia,1924,Osborn,DINO_82
1247,United kingdom,1868,Owen,DINO_265
1248,USA,1981,Colbert,DINO_232
1249,Argentina,1979,Brett-Surman,DINO_234
1250,USA,1936,Camp,DINO_144
1251,Mongolia,1979,Perle,DINO_09
1252,Mongolia,1983,Tumanova,DINO_42
1253,Mongolia,2007,Turner Hwang and Norell,DINO_97
1254,China,1973,Hu,DINO_236
1255,China,1983,Dong Zhou and Zhang,DINO_81
1256,Mongolia,1998,Chiappe Norell and Clark,DINO_170
1257,USA,1960,Eaton,DINO_94
1258,China,2007,Ji Ji La and Yuan,DINO_299
1259,China,1999,Xu Wang and Wu,DINO_151
1260,China,1996,Ji and Ji,DINO_209
1261,China,2002,Xu Norell Wang Makovicky and Wu,DINO_265
1262,China,1992,Gao,DINO_94
1263,China,2006,Xu Zhang Tan Zhao and Tan,DINO_214
1264,Morocco,1915,Stromer,DINO_208
1265,Brazil,1970,Colbert,DINO_239
1266,USA,1902,Lambe,DINO_11
1267,USA,1877,Marsh,DINO_278
1268,Germany,1857,Meyer,DINO_106
1269,Canada,1917,Osborn,DINO_218
1270,Spain,1871,Bunzel,DINO_04
1271,USA,1913,Lambe,DINO_86
1272,Niger,1998,Sereno Beck Dutheil Gado Larsson Lyon Marcot Rauhut Sadleir Sidor Varricchio Wilson and Wilson,DINO_24
1273,USA,1985,Jansen,DINO_262
1274,Mongolia,1952,Maleev,DINO_59
1275,China,1929,Wiman,DINO_129
1276,Mongolia,1955,Maleev,DINO_229
1277,Mongolia,1956,Maleev,DINO_139
1278,Spain,1900,Nopcsa,DINO_45
1279,USA,1970,Ostrom,DINO_148
1280,United kingdom,1843,Morris,DINO_80
1281,Mongolia,1915,Maleev,DINO_243
1282,USA,1913,Gilmore,DINO_250
1283,USA,1891,Marsh,DINO_143
1284,USA,1979,Galton and Jensen,DINO_165
1285,USA,1889,Marsh,DINO_40
1286,USA,1856,Leidy,DINO_217
1287,Mongolia,1993,Tumanova,DINO_223
1288,China,1958,Young,DINO_185
1289,China,1973,Dong Li Zhou and Zhang,DINO_18
1290,Mongolia,1974,Maryaska and Osmlska,DINO_209
1291,USA,1905,Osborn,DINO_135
1292,Mongolia,1992,Kurzanov,DINO_285
1293,Argentina,1997,Novas and Puerta,DINO_128
1294,Uzbekistan,2007,Averianov and Sues,DINO_49
1295,USA,1993,Kirkland Gaston and Burge,DINO_33
1296,United kingdom,1975,Galton,DINO_171
1297,Mongolia,1924,Osborn,DINO_135
1298,Zimbabwe,1972,Raath,DINO_194
1299,China,1979,He,DINO_209
1300,China,1978,Dong Chang Li and Zhou,DINO_202
1301,China,1990,Bai Yang and Wang,DINO_67
1302,China,1992,Watanabe,DINO_259
1303,China,2006,Xu Forster Clark and Mo,DINO_111
1304,China,2006,La Li Ji Wang Zhang and Dong,DINO_122
1305,China,1942,Young,DINO_192
1306,Romania,1902,Nopcsa,DINO_91
1307,USA,1980,Sues,DINO_222
1308,USA,1998,Wolfe and Kirkland,DINO_163
